I0,I1,I2
38.000000,25.200001,22.700001
38.000000,21.200001,22.400000
38.000000,20.500000,22.000000
38.000000,25.100000,22.600000
38.000000,21.900000,22.500000
38.000000,22.200001,22.400000
38.000000,22.400000,22.400000
38.000000,22.200001,22.400000
38.000000,22.000000,22.299999
38.000000,21.900000,22.200001
38.000000,22.000000,22.200001
38.000000,24.600000,22.700001
38.000000,22.000000,22.500000
38.000000,23.299999,22.700001
38.000000,22.100000,22.600000
38.000000,22.200001,22.500000
38.000000,22.200001,22.500000
38.000000,21.600000,22.299999
38.000000,23.000000,22.400000
38.000000,22.100000,22.400000
38.000000,21.900000,22.299999
38.000000,21.000000,22.000000
38.000000,22.100000,22.000000
38.000000,22.200001,22.100000
38.000000,22.299999,22.100000
38.000000,22.299999,22.200001
38.000000,22.799999,22.299999
38.000000,22.200001,22.299999
38.000000,22.100000,22.200001
38.000000,22.000000,22.200001
38.000000,22.700001,22.299999
38.000000,20.600000,21.900000
38.000000,22.299999,22.000000
38.000000,24.100000,22.400000
38.000000,22.299999,22.400000
38.000000,22.200001,22.400000
38.000000,22.200001,22.299999
38.000000,21.799999,22.200001
38.000000,21.200001,22.000000
38.000000,22.200001,22.100000
38.000000,22.200001,22.100000
38.000000,22.299999,22.100000
38.000000,22.100000,22.100000
38.000000,21.600000,22.000000
38.000000,22.200001,22.000000
38.000000,22.000000,22.000000
38.000000,21.700001,22.000000
38.000000,21.700001,21.900000
38.000000,22.299999,22.000000
38.000000,23.000000,22.200001
38.000000,22.200001,22.200001
38.000000,22.200001,22.200001
38.000000,20.299999,21.799999
38.000000,22.100000,21.900000
38.000000,22.200001,21.900000
38.000000,23.500000,22.200001
38.000000,22.000000,22.200001
38.000000,25.200001,22.799999
38.000000,21.900000,22.600000
38.000000,22.100000,22.500000
38.000000,22.200001,22.400000
38.000000,21.799999,22.299999
38.000000,22.500000,22.400000
38.000000,22.500000,22.400000
38.000000,22.299999,22.400000
38.000000,22.200001,22.299999
38.000000,21.700001,22.200001
38.000000,22.200001,22.200001
38.000000,22.200001,22.200001
38.000000,22.200001,22.200001
38.000000,22.200001,22.200001
38.000000,22.200001,22.200001
38.000000,21.900000,22.100000
38.000000,22.200001,22.100000
38.000000,22.299999,22.200001
38.000000,21.500000,22.000000
38.000000,22.299999,22.100000
38.000000,21.500000,22.000000
38.000000,22.100000,22.000000
38.000000,21.000000,21.799999
38.000000,22.100000,21.900000
38.000000,22.400000,22.000000
38.000000,22.299999,22.100000
38.000000,22.000000,22.000000
38.000000,22.200001,22.100000
38.000000,22.299999,22.100000
38.000000,22.100000,22.100000
38.000000,22.000000,22.100000
38.000000,22.100000,22.100000
38.000000,22.100000,22.100000
38.000000,22.000000,22.100000
38.000000,22.100000,22.100000
38.000000,21.000000,21.900000
38.000000,22.000000,21.900000
38.000000,20.299999,21.600000
38.000000,21.700001,21.600000
38.000000,21.700001,21.600000
38.000000,22.500000,21.799999
38.000000,22.200001,21.900000
38.000000,22.200001,21.900000
38.000000,21.900000,21.900000
38.000000,22.400000,22.000000
38.000000,22.000000,22.000000
38.000000,21.700001,22.000000
38.000000,21.000000,21.799999
38.000000,21.799999,21.799999
38.000000,21.100000,21.600000
38.000000,22.000000,21.700001
38.000000,23.299999,22.000000
38.000000,22.299999,22.100000
38.000000,25.700001,22.799999
38.000000,21.600000,22.600000
38.000000,20.600000,22.200001
38.000000,20.000000,21.700001
38.000000,22.200001,21.799999
38.000000,24.000000,22.299999
38.000000,22.100000,22.200001
38.000000,21.799999,22.100000
38.000000,22.100000,22.100000
38.000000,21.500000,22.000000
38.000000,22.299999,22.100000
38.000000,21.900000,22.000000
38.000000,25.200001,22.700001
38.000000,22.299999,22.600000
38.000000,24.600000,23.000000
38.000000,22.100000,22.799999
38.000000,21.600000,22.600000
38.000000,22.700001,22.600000
38.000000,22.299999,22.500000
38.000000,22.400000,22.500000
38.000000,21.700001,22.400000
38.000000,22.500000,22.400000
38.000000,20.000000,21.900000
38.000000,22.000000,21.900000
38.000000,23.700001,22.299999
38.000000,21.700001,22.200001
38.000000,22.400000,22.200001
38.000000,22.100000,22.200001
38.000000,21.500000,22.100000
38.000000,21.200001,21.900000
38.000000,22.200001,21.900000
38.000000,22.400000,22.000000
38.000000,22.100000,22.100000
38.000000,22.200001,22.100000
38.000000,21.900000,22.000000
38.000000,21.500000,21.900000
38.000000,21.100000,21.799999
38.000000,23.799999,22.200001
38.000000,19.799999,21.700001
38.000000,21.299999,21.600000
38.000000,25.100000,22.299999
38.000000,22.000000,22.299999
38.000000,21.500000,22.100000
38.000000,21.299999,21.900000
38.000000,20.000000,21.600000
38.000000,24.100000,22.100000
38.000000,20.400000,21.700001
38.000000,21.100000,21.600000
38.000000,22.299999,21.700001
38.000000,22.000000,21.799999
38.000000,25.100000,22.400000
38.000000,21.700001,22.299999
38.000000,22.400000,22.299999
38.000000,21.799999,22.200001
38.000000,22.299999,22.200001
38.000000,22.100000,22.200001
38.000000,21.400000,22.000000
38.000000,22.299999,22.100000
38.000000,22.299999,22.100000
38.000000,22.400000,22.200001
38.000000,22.600000,22.299999
38.000000,22.400000,22.299999
38.000000,25.200001,22.900000
38.000000,22.100000,22.700001
38.000000,22.900000,22.799999
38.000000,22.000000,22.600000
38.000000,22.299999,22.600000
38.000000,22.200001,22.500000
38.000000,21.700001,22.299999
38.000000,21.500000,22.200001
38.000000,22.000000,22.100000
38.000000,22.700001,22.200001
38.000000,25.200001,22.799999
38.000000,22.000000,22.700001
38.000000,24.000000,22.900000
38.000000,23.600000,23.100000
38.000000,21.700001,22.799999
38.000000,22.400000,22.700001
38.000000,22.100000,22.600000
38.000000,22.100000,22.500000
38.000000,21.900000,22.400000
38.000000,20.000000,21.900000
38.000000,21.799999,21.900000
38.000000,22.500000,22.000000
38.000000,21.400000,21.900000
38.000000,22.400000,22.000000
38.000000,25.600000,22.700001
38.000000,22.900000,22.799999
38.000000,25.299999,23.299999
38.000000,23.600000,23.299999
38.000000,25.400000,23.799999
38.000000,26.600000,24.299999
38.000000,27.000000,24.900000
38.000000,28.700001,25.600000
38.000000,33.500000,27.200001
38.000000,30.200001,27.799999
38.000000,32.000000,28.600000
38.000000,33.599998,29.600000
38.000000,35.200001,30.700001
38.000000,36.799999,32.000000
38.000000,40.900002,33.700001
38.000000,39.200001,34.799999
38.000000,40.400002,35.900002
38.000000,41.000000,37.000000
38.000000,43.400002,38.200001
38.000000,45.900002,39.799999
38.000000,45.299999,40.900002
38.000000,46.799999,42.099998
38.000000,47.400002,43.099998
38.000000,49.200001,44.299999
38.000000,50.700001,45.599998
38.000000,51.299999,46.799999
38.000000,52.500000,47.900002
38.000000,53.400002,49.000000
38.000000,54.400002,50.099998
38.000000,54.700001,51.000000
38.000000,61.000000,53.000000
38.000000,57.400002,53.900002
38.000000,56.799999,54.500000
38.000000,58.599998,55.299999
38.000000,59.200001,56.099998
38.000000,59.099998,56.700001
38.000000,60.500000,57.500000
38.000000,61.599998,58.299999
38.000000,61.900002,59.000000
38.000000,62.299999,59.700001
38.000000,62.700001,60.299999
38.000000,63.400002,60.900002
38.000000,64.000000,61.500000
38.000000,64.500000,62.099998
38.000000,65.000000,62.700001
38.000000,65.099998,63.200001
38.000000,64.199997,63.400002
38.000000,65.199997,63.700001
38.000000,65.599998,64.099998
38.000000,63.799999,64.099998
38.000000,66.500000,64.500000
38.000000,65.199997,64.699997
38.000000,67.000000,65.099998
38.000000,66.900002,65.500000
38.000000,66.800003,65.800003
38.000000,66.099998,65.800003
38.000000,66.900002,66.000000
38.000000,65.400002,65.900002
38.000000,68.000000,66.300003
38.000000,67.000000,66.500000
38.000000,68.300003,66.800003
38.000000,68.800003,67.199997
38.000000,69.300003,67.599998
38.000000,67.599998,67.599998
38.000000,75.500000,69.199997
38.000000,67.300003,68.800003
38.000000,68.900002,68.800003
38.000000,69.099998,68.900002
38.000000,68.000000,68.699997
38.000000,69.500000,68.900002
38.000000,69.500000,69.000000
38.000000,70.099998,69.199997
38.000000,70.300003,69.400002
38.000000,69.599998,69.500000
38.000000,70.000000,69.599998
38.000000,70.099998,69.699997
38.000000,74.300003,70.599998
38.000000,67.000000,69.900002
38.000000,69.900002,69.900002
38.000000,69.400002,69.800003
38.000000,71.000000,70.000000
38.000000,70.199997,70.099998
38.000000,71.400002,70.300003
38.000000,70.300003,70.300003
38.000000,73.199997,70.900002
38.000000,72.500000,71.199997
38.000000,69.800003,70.900002
38.000000,71.199997,71.000000
38.000000,71.000000,71.000000
38.000000,70.199997,70.800003
38.000000,70.400002,70.699997
38.000000,70.699997,70.699997
38.000000,70.699997,70.699997
38.000000,70.300003,70.599998
38.000000,70.699997,70.599998
38.000000,71.400002,70.800003
38.000000,71.400002,70.900002
38.000000,72.099998,71.199997
38.000000,70.300003,71.000000
38.000000,69.500000,70.699997
38.000000,70.300003,70.599998
38.000000,70.000000,70.500000
38.000000,71.199997,70.599998
38.000000,69.900002,70.500000
38.000000,73.500000,71.099998
38.000000,71.099998,71.099998
38.000000,70.800003,71.000000
38.000000,71.300003,71.099998
38.000000,71.199997,71.099998
38.000000,73.000000,71.500000
38.000000,70.800003,71.400002
38.000000,71.800003,71.400002
38.000000,72.000000,71.599998
38.000000,71.599998,71.599998
38.000000,69.800003,71.199997
38.000000,64.599998,69.900002
38.000000,71.000000,70.099998
38.000000,70.699997,70.199997
38.000000,71.300003,70.500000
38.000000,71.400002,70.699997
38.000000,71.400002,70.800003
38.000000,72.099998,71.099998
38.000000,69.500000,70.800003
38.000000,71.500000,70.900002
38.000000,71.199997,71.000000
38.000000,71.400002,71.000000
38.000000,68.900002,70.599998
38.000000,72.400002,71.000000
38.000000,70.800003,70.900002
38.000000,69.699997,70.699997
38.000000,69.900002,70.500000
38.000000,69.800003,70.400002
38.000000,68.500000,70.000000
38.000000,66.199997,69.300003
38.000000,66.199997,68.599998
38.000000,64.699997,67.800003
38.000000,63.599998,67.000000
38.000000,66.699997,66.900002
38.000000,60.700001,65.699997
38.000000,59.599998,64.500000
38.000000,57.299999,63.000000
38.000000,56.200001,61.700001
38.000000,54.299999,60.200001
38.000000,53.400002,58.799999
38.000000,52.700001,57.599998
38.000000,50.900002,56.299999
38.000000,49.900002,55.000000
38.000000,48.799999,53.700001
38.000000,47.500000,52.500000
38.000000,46.599998,51.299999
38.000000,45.799999,50.200001
38.000000,44.000000,49.000000
38.000000,40.799999,47.299999
38.000000,46.299999,47.099998
38.000000,41.200001,45.900002
38.000000,40.299999,44.799999
38.000000,39.900002,43.799999
38.000000,38.299999,42.700001
38.000000,36.900002,41.500000
38.000000,37.700001,40.799999
38.000000,36.500000,39.900002
38.000000,34.599998,38.900002
38.000000,36.500000,38.400002
38.000000,34.500000,37.599998
38.000000,32.200001,36.500000
38.000000,33.900002,36.000000
38.000000,33.099998,35.400002
38.000000,32.599998,34.900002
38.000000,31.500000,34.200001
38.000000,31.600000,33.700001
38.000000,30.600000,33.099998
38.000000,31.200001,32.700001
38.000000,31.799999,32.500000
38.000000,30.299999,32.099998
38.000000,29.600000,31.600000
38.000000,29.600000,31.200001
38.000000,33.299999,31.600000
38.000000,28.900000,31.100000
38.000000,28.799999,30.600000
38.000000,28.400000,30.200001
38.000000,27.200001,29.600000
38.000000,30.299999,29.700001
38.000000,27.200001,29.200001
38.000000,27.600000,28.900000
38.000000,27.299999,28.600000
38.000000,26.900000,28.200001
38.000000,25.900000,27.799999
38.000000,27.200001,27.700001
38.000000,27.000000,27.500000
38.000000,26.500000,27.299999
38.000000,26.400000,27.100000
38.000000,26.500000,27.000000
38.000000,25.600000,26.700001
38.000000,22.100000,25.799999
38.000000,26.799999,26.000000
38.000000,27.100000,26.200001
38.000000,24.900000,26.000000
38.000000,25.100000,25.799999
38.000000,25.500000,25.700001
38.000000,26.400000,25.900000
38.000000,25.700001,25.799999
38.000000,24.200001,25.500000
38.000000,26.299999,25.700001
38.000000,28.200001,26.200001
38.000000,28.200001,26.600000
38.000000,29.100000,27.100000
38.000000,34.000000,28.500000
38.000000,31.200001,29.000000
38.000000,33.700001,29.900000
38.000000,35.599998,31.100000
38.000000,36.500000,32.200001
38.000000,36.599998,33.000000
38.000000,37.900002,34.000000
38.000000,43.000000,35.799999
38.000000,41.099998,36.900002
38.000000,43.200001,38.099998
38.000000,46.900002,39.900002
38.000000,44.599998,40.799999
38.000000,47.700001,42.200001
38.000000,48.000000,43.400002
38.000000,50.099998,44.700001
38.000000,50.400002,45.900002
38.000000,52.200001,47.099998
38.000000,51.700001,48.000000
38.000000,55.000000,49.400002
38.000000,54.299999,50.400002
38.000000,56.299999,51.599998
38.000000,57.299999,52.700001
38.000000,59.099998,54.000000
38.000000,63.299999,55.900002
38.000000,59.799999,56.599998
38.000000,60.599998,57.400002
38.000000,61.200001,58.200001
38.000000,62.000000,58.900002
38.000000,62.400002,59.599998
38.000000,62.500000,60.200001
38.000000,64.199997,61.000000
38.000000,65.199997,61.799999
38.000000,64.300003,62.299999
38.000000,65.500000,63.000000
38.000000,65.699997,63.500000
38.000000,66.199997,64.000000
38.000000,65.000000,64.199997
38.000000,66.300003,64.599998
38.000000,66.699997,65.099998
38.000000,67.599998,65.599998
38.000000,67.699997,66.000000
38.000000,69.400002,66.699997
38.000000,66.300003,66.599998
38.000000,66.400002,66.500000
38.000000,68.500000,66.900002
38.000000,68.599998,67.300003
38.000000,69.400002,67.699997
38.000000,69.300003,68.000000
38.000000,69.300003,68.300003
38.000000,69.500000,68.500000
38.000000,69.400002,68.699997
38.000000,69.400002,68.800003
38.000000,69.300003,68.900002
38.000000,69.400002,69.000000
38.000000,69.699997,69.199997
38.000000,71.000000,69.500000
38.000000,69.900002,69.599998
38.000000,70.000000,69.699997
38.000000,70.300003,69.800003
38.000000,69.900002,69.800003
38.000000,69.300003,69.699997
38.000000,69.099998,69.599998
38.000000,68.400002,69.400002
38.000000,66.400002,68.800003
38.000000,66.400002,68.300003
38.000000,65.599998,67.699997
38.000000,63.400002,66.900002
38.000000,62.599998,66.000000
38.000000,61.599998,65.099998
38.000000,60.599998,64.199997
38.000000,59.000000,63.200001
38.000000,57.700001,62.099998
38.000000,55.099998,60.700001
38.000000,56.400002,59.799999
38.000000,52.799999,58.400002
38.000000,49.599998,56.700001
38.000000,50.500000,55.400002
38.000000,48.599998,54.099998
38.000000,47.900002,52.799999
38.000000,45.900002,51.400002
38.000000,45.900002,50.299999
38.000000,44.500000,49.200001
38.000000,43.700001,48.099998
38.000000,42.799999,47.000000
38.000000,42.000000,46.000000
38.000000,40.900002,45.000000
38.000000,40.500000,44.099998
38.000000,40.000000,43.299999
38.000000,38.599998,42.299999
38.000000,39.500000,41.799999
38.000000,39.799999,41.400002
38.000000,38.900002,40.900002
38.000000,39.000000,40.500000
38.000000,38.500000,40.099998
38.000000,38.500000,39.799999
38.000000,38.500000,39.500000
38.000000,37.200001,39.099998
38.000000,38.299999,38.900002
38.000000,38.099998,38.799999
38.000000,38.299999,38.700001
38.000000,38.200001,38.599998
38.000000,37.900002,38.400002
38.000000,38.299999,38.400002
38.000000,38.799999,38.500000
38.000000,38.299999,38.400002
38.000000,37.900002,38.299999
38.000000,38.400002,38.299999
38.000000,38.599998,38.400002
38.000000,38.099998,38.299999
38.000000,38.200001,38.299999
38.000000,39.099998,38.500000
38.000000,38.200001,38.400002
38.000000,38.799999,38.500000
38.000000,39.299999,38.700001
38.000000,36.900002,38.299999
38.000000,37.900002,38.200001
38.000000,38.599998,38.299999
38.000000,38.900002,38.400002
38.000000,39.000000,38.500000
38.000000,38.000000,38.400002
38.000000,38.599998,38.500000
38.000000,38.799999,38.500000
38.000000,38.900002,38.599998
38.000000,38.299999,38.500000
38.000000,38.500000,38.500000
38.000000,41.200001,39.099998
38.000000,37.700001,38.799999
38.000000,39.000000,38.799999
38.000000,38.200001,38.700001
38.000000,40.200001,39.000000
38.000000,38.500000,38.900002
38.000000,37.000000,38.500000
38.000000,38.099998,38.400002
38.000000,39.200001,38.599998
38.000000,38.299999,38.500000
38.000000,38.900002,38.599998
38.000000,38.900002,38.700001
38.000000,39.000000,38.700001
38.000000,39.000000,38.799999
38.000000,39.099998,38.900002
38.000000,38.900002,38.900002
38.000000,38.500000,38.799999
38.000000,38.200001,38.700001
38.000000,39.200001,38.799999
38.000000,38.900002,38.799999
38.000000,40.900002,39.200001
38.000000,39.200001,39.200001
38.000000,35.900002,38.599998
38.000000,37.700001,38.400002
38.000000,38.099998,38.299999
38.000000,38.700001,38.400002
38.000000,38.900002,38.500000
38.000000,39.099998,38.599998
38.000000,40.000000,38.900002
38.000000,39.000000,38.900002
38.000000,39.900002,39.099998
38.000000,39.599998,39.200001
38.000000,39.700001,39.299999
38.000000,39.299999,39.299999
38.000000,39.400002,39.299999
38.000000,39.000000,39.299999
38.000000,38.900002,39.200001
